행정기관코드,행정기관,총 인구수,연령구간인구수,0세,1세,2세,3세,4세,5세,6세,7세,8세,9세,10세,11세,12세,13세,14세,15세,16세,17세,18세,19세,20세,21세,22세,23세,24세,25세,26세,27세,28세,29세,30세,31세,32세,33세,34세,35세,36세,37세,38세,39세,40세,41세,42세,43세,44세,45세,46세,47세,48세,49세,50세,51세,52세,53세,54세,55세,56세,57세,58세,59세,60세,61세,62세,63세,64세,65세,66세,67세,68세,69세,70세,71세,72세,73세,74세,75세,76세,77세,78세,79세,80세,81세,82세,83세,84세,85세,86세,87세,88세,89세,90세,91세,92세,93세,94세,95세,96세,97세,98세,99세,100세 이상
2811000000,인천광역시 인천광역시 중구 ,"152,931","152,931",930,933,960,"1,140","1,220","1,257","1,360","1,445","1,427","1,406","1,558","1,514","1,504","1,338","1,423","1,575","1,270","1,195","1,352","1,284","1,245","1,352","1,604","1,587","1,760","1,979","2,169","2,429","2,636","2,670","2,816","2,649","2,359","2,359","2,268","2,190","2,284","2,259","2,200","2,505","2,880","2,924","2,826","2,824","2,487","2,626","2,503","2,605","2,684","2,665","2,657","2,633","2,568","2,414","2,423","2,113","2,001","2,093","2,072","1,935","2,007","2,142","2,134","1,975","1,963","1,872","1,690","1,798","1,578","1,309","1,406",873,"1,067","1,177","1,069","1,177",873,766,734,752,868,621,517,558,452,387,321,300,258,201,171,141,95,103,60,59,32,22,19,15,25
2811052000,인천광역시 중구 연안동,"5,775","5,775",8,12,16,10,21,14,27,21,29,28,29,32,28,27,23,27,27,33,43,27,40,42,49,52,50,63,54,57,73,69,70,73,58,49,48,41,42,63,56,70,72,58,75,64,61,63,64,71,82,77,101,94,117,106,121,124,110,128,130,123,132,154,146,159,140,130,119,145,112,87,92,55,65,76,61,80,51,56,41,47,54,45,45,41,32,26,22,20,24,15,13,6,5,6,8,8,2,4,3,3,3
2811053000,인천광역시 중구 신포동,"4,779","4,779",12,23,16,13,14,22,27,22,30,26,44,41,30,27,26,36,28,30,39,41,29,40,47,45,43,60,34,59,60,57,45,63,42,47,50,36,54,41,34,54,70,87,65,71,62,56,72,70,85,82,94,83,84,85,94,66,82,86,86,83,70,86,97,65,89,83,86,77,54,71,67,58,61,69,66,69,52,44,61,41,35,41,35,31,29,28,31,25,24,17,19,11,5,7,7,6,2,5,0,3,2
2811054000,인천광역시 중구 신흥동,"13,430","13,430",72,56,79,87,65,80,77,78,80,89,113,100,109,96,108,142,114,98,126,119,130,142,141,136,142,181,164,186,168,173,183,177,162,147,125,148,167,148,147,180,207,209,209,200,196,181,180,197,241,237,224,240,230,225,261,246,194,238,210,226,224,236,228,245,230,227,180,233,197,149,176,98,122,152,131,156,118,99,72,89,117,79,82,84,54,57,42,44,27,25,13,19,8,9,6,4,6,3,0,0,3
2811056000,인천광역시 중구 도원동,"3,959","3,959",7,4,6,8,12,12,12,14,11,12,18,13,23,16,21,19,22,28,33,24,30,42,49,44,52,45,48,45,53,39,54,37,28,39,42,30,35,42,30,38,33,46,48,42,57,44,44,71,68,64,58,66,70,73,72,64,63,54,81,64,82,83,88,60,93,88,83,76,76,58,70,50,70,65,67,60,62,41,43,38,58,40,26,28,22,23,17,16,8,9,9,5,6,5,6,2,4,0,0,1,2
2811057000,인천광역시 중구 율목동,"3,082","3,082",3,1,4,6,3,7,7,14,5,12,14,13,24,13,22,16,18,8,12,13,27,30,31,34,28,33,44,24,34,35,21,33,28,21,23,30,17,39,21,22,38,36,52,37,28,58,44,35,43,42,66,55,57,70,61,57,55,56,56,65,63,72,61,76,67,50,49,65,73,52,51,33,43,55,46,57,40,40,29,38,42,22,19,24,20,14,9,14,8,8,9,10,4,7,3,3,2,0,2,1,0
2811058500,인천광역시 중구 동인천동,"5,626","5,626",7,15,12,15,16,11,11,25,17,18,28,21,22,23,28,38,15,31,35,24,42,38,48,50,56,59,68,54,64,62,75,59,59,75,45,42,60,53,60,67,75,68,80,61,47,71,78,72,85,90,85,108,91,101,110,88,88,110,135,114,116,123,127,113,123,108,126,116,108,65,105,62,75,77,74,83,56,57,61,54,68,50,50,54,40,36,31,30,20,26,17,17,17,12,6,5,5,1,0,4,3
2811061500,인천광역시 중구 개항동,"7,172","7,172",15,17,15,16,21,28,22,31,29,34,35,26,36,33,28,55,33,54,55,63,52,65,77,82,92,99,100,104,94,100,100,98,81,71,75,49,71,60,69,69,82,81,93,87,83,68,69,97,116,120,117,125,115,142,127,118,115,126,137,110,141,140,175,147,175,143,125,134,121,106,107,81,100,109,99,119,75,74,68,73,90,54,36,56,49,34,29,27,26,16,22,11,5,5,3,6,5,1,2,0,1
2811062000,인천광역시 중구 영종동,"22,378","22,378",159,131,162,173,191,178,183,157,155,145,186,160,172,180,159,183,149,164,181,182,158,177,222,225,264,261,269,344,389,406,465,421,418,381,432,359,345,389,348,364,445,444,373,371,342,337,335,364,360,399,389,363,407,359,393,349,348,356,349,327,358,387,352,353,317,334,280,282,248,186,205,117,143,123,135,127,103,80,89,96,98,74,51,66,63,52,48,39,36,27,22,22,15,23,3,8,4,3,6,2,4
2811062200,인천광역시 중구 영종1동,"46,893","46,893",475,510,514,621,689,702,789,865,801,799,840,786,762,599,635,638,477,413,437,359,296,315,356,307,326,298,367,426,480,555,617,715,700,799,792,879,978,939,980,"1,100","1,320","1,285","1,228","1,217","1,032","1,082",973,965,870,815,743,716,665,556,566,469,408,415,418,389,426,420,386,360,387,344,316,332,292,256,273,178,177,199,169,194,140,121,119,121,97,82,65,67,44,47,39,26,35,31,15,15,15,13,7,7,0,4,3,0,3
2811062800,인천광역시 중구 운서동,"36,098","36,098",167,157,131,187,185,199,196,211,263,228,239,311,287,319,361,412,377,326,379,421,428,447,567,588,692,855,995,"1,101","1,200","1,154","1,153",938,758,706,611,558,492,466,435,511,507,584,557,637,552,631,596,630,687,688,709,721,657,624,550,465,445,426,378,327,296,320,358,280,234,268,233,218,204,194,188,98,136,170,159,166,119,111,106,113,160,99,78,83,76,48,34,44,33,22,20,12,7,7,6,8,2,1,2,1,2
2811063000,인천광역시 중구 용유동,"3,739","3,739",5,7,5,4,3,4,9,7,7,15,12,11,11,5,12,9,10,10,12,11,13,14,17,24,15,25,26,29,21,20,33,35,25,24,25,18,23,19,20,30,31,26,46,37,27,35,48,33,47,51,71,62,75,73,68,67,93,98,92,107,99,121,116,117,108,97,93,120,93,85,72,43,75,82,62,66,57,43,45,42,49,35,30,24,23,22,19,15,17,5,12,13,8,9,5,2,0,0,1,0,2
2814000000,인천광역시 인천광역시 동구 ,"58,999","58,999",215,223,235,276,295,290,393,395,401,363,489,456,476,439,453,536,463,473,503,454,488,536,660,564,611,641,629,585,616,630,677,685,617,574,602,605,604,640,696,770,808,972,978,976,833,852,849,936,958,997,"1,042","1,009",958,959,989,951,855,938,939,871,"1,035","1,074","1,129","1,100","1,030","1,060","1,024","1,020",871,748,869,581,698,691,698,727,617,513,516,494,598,482,368,391,312,246,230,195,157,135,117,95,61,49,42,40,14,14,13,7,10
2814051000,인천광역시 동구 만석동,"6,701","6,701",13,27,34,31,33,38,38,46,47,41,65,52,60,54,65,60,45,42,53,57,57,75,69,77,66,75,70,64,59,55,70,70,56,54,59,61,65,78,78,94,95,113,98,116,94,99,110,120,111,114,111,137,130,114,102,113,104,111,114,123,126,118,151,119,136,121,125,115,96,77,98,52,58,79,81,64,58,59,57,41,63,54,32,46,38,22,26,18,17,13,20,11,11,8,5,1,1,1,0,0,1
2814052500,인천광역시 동구 화수1.화평동,"5,794","5,794",14,15,10,14,15,26,28,21,27,40,31,46,35,37,42,59,43,41,52,44,48,55,59,56,72,70,66,56,58,58,57,56,58,44,47,31,42,43,49,47,58,78,87,78,59,72,74,62,93,89,107,96,109,108,102,106,94,115,92,108,103,118,123,120,109,105,123,114,87,79,101,78,81,78,92,77,75,68,59,64,85,53,40,47,37,36,24,30,14,21,13,9,8,6,4,5,3,2,1,2,1
2814053000,인천광역시 동구 화수2동,"7,421","7,421",14,15,16,14,20,22,40,34,42,34,51,61,56,49,49,52,58,56,59,58,55,61,93,66,70,92,56,86,81,74,86,66,60,60,68,66,48,77,58,72,83,113,98,124,81,89,104,125,119,140,134,115,119,123,111,98,112,114,120,110,166,136,162,140,147,137,127,160,143,121,122,93,94,88,95,104,116,81,92,90,88,93,65,69,57,33,34,33,26,21,15,12,6,7,6,6,2,2,4,1,0
2814055500,인천광역시 동구 송현1.2동,"10,096","10,096",53,45,54,66,51,55,75,99,74,62,99,72,71,78,87,103,94,94,93,76,85,96,119,96,126,86,119,128,104,113,122,137,105,102,113,109,109,116,133,160,157,194,196,191,169,136,152,165,165,173,198,163,151,155,177,142,144,154,166,139,166,170,158,176,148,178,156,167,142,111,134,89,111,112,116,118,94,82,83,69,84,69,43,43,37,26,30,24,26,16,13,10,7,7,2,6,0,2,3,2,0
2814057000,인천광역시 동구 송현3동,"3,287","3,287",8,5,4,11,4,8,11,10,14,17,12,12,12,21,14,24,16,15,19,23,19,24,30,27,35,36,34,27,38,35,38,35,36,24,20,24,33,22,30,44,27,38,37,41,36,29,39,37,44,46,72,57,54,59,60,86,52,66,57,47,64,71,66,97,60,75,80,74,73,43,59,35,51,46,47,48,40,26,46,33,38,39,26,34,31,21,24,12,18,14,13,12,4,2,3,4,1,0,1,0,1
2814058000,인천광역시 동구 송림1동,"3,350","3,350",11,27,16,18,17,30,25,24,21,21,31,24,20,35,23,23,27,24,32,17,29,25,52,29,28,54,45,48,48,59,64,42,51,44,44,48,52,47,55,63,47,62,60,54,54,49,55,51,45,36,35,50,39,44,54,49,45,39,47,40,51,54,58,62,43,47,58,53,39,43,50,29,38,28,35,42,28,20,18,23,28,23,15,15,16,20,11,15,3,8,9,7,1,3,3,2,1,0,1,1,1
2814059000,인천광역시 동구 송림2동,"2,175","2,175",0,3,0,4,2,4,3,6,9,5,11,13,11,10,5,15,8,11,11,17,11,22,18,17,21,17,18,17,16,22,12,15,15,19,12,20,16,14,19,9,16,21,17,24,29,24,26,22,29,36,27,32,31,25,41,44,45,31,41,41,48,46,59,47,52,60,54,56,44,40,50,36,40,42,36,45,41,24,30,22,35,19,27,22,26,14,19,17,10,8,6,5,5,1,4,3,0,0,1,1,0
2814060500,인천광역시 동구 송림3.5동,"5,801","5,801",26,14,21,20,31,29,42,35,43,39,54,58,58,46,44,64,53,58,49,67,44,60,72,69,68,60,77,47,60,57,62,50,49,50,50,51,53,63,60,68,82,89,109,101,95,87,82,113,117,110,121,126,103,99,106,102,82,84,94,77,86,106,89,110,100,97,95,82,72,71,63,44,68,77,58,67,64,41,35,49,56,46,42,37,29,18,22,14,15,13,8,8,4,5,3,2,1,2,0,0,2
2814061000,인천광역시 동구 송림4동,"6,091","6,091",51,53,53,51,63,36,54,51,50,43,46,43,68,51,55,66,55,65,60,41,67,51,70,58,55,67,71,58,83,87,100,115,114,110,124,128,99,92,111,104,118,133,110,122,97,118,93,95,106,95,98,107,97,104,95,92,70,99,87,85,93,98,87,85,77,77,62,60,69,42,61,41,43,39,30,48,21,27,18,25,33,21,14,17,7,10,5,8,6,3,6,5,4,2,1,2,1,0,1,0,2
2814063000,인천광역시 동구 송림6동,"5,902","5,902",21,16,24,37,46,37,72,56,68,55,80,64,73,50,59,52,47,50,60,41,52,49,55,48,47,59,56,33,56,49,45,70,58,48,48,55,70,66,82,91,105,110,136,102,100,114,87,107,94,110,97,90,84,91,104,84,81,82,77,72,95,111,123,85,93,107,88,100,69,90,80,53,71,56,66,65,41,40,45,42,51,43,25,39,21,30,21,14,13,7,6,8,8,4,9,6,1,3,0,0,1
2814064000,인천광역시 동구 금창동,"2,381","2,381",4,3,3,10,13,5,5,13,6,6,9,11,12,8,10,18,17,17,15,13,21,18,23,21,23,25,17,21,13,21,21,29,15,19,17,12,17,22,21,18,20,21,30,23,19,35,27,39,35,48,42,36,41,37,37,35,26,43,44,29,37,46,53,59,65,56,56,39,37,31,51,31,43,46,42,49,39,45,33,36,37,22,39,22,13,16,14,10,9,11,8,8,3,4,2,3,3,2,1,0,1
2817700000,인천광역시 인천광역시 미추홀구 ,"406,004","406,004","1,771","1,924","2,129","2,211","2,367","2,584","2,798","3,033","2,908","2,962","3,250","3,232","3,067","2,997","3,054","3,235","2,946","2,978","3,201","3,564","3,677","4,290","5,245","5,289","5,341","5,932","6,007","6,216","6,221","6,233","6,426","6,173","5,574","5,337","5,091","4,977","5,000","5,270","5,353","5,992","6,629","6,736","6,720","6,614","5,599","5,825","5,659","6,053","6,430","6,873","6,960","7,068","7,050","7,049","6,881","6,427","6,113","6,583","6,481","6,296","7,035","7,024","7,242","6,746","6,291","6,135","5,616","5,773","4,765","4,070","4,506","3,026","3,485","3,632","3,484","3,606","2,919","2,523","2,447","2,465","2,813","2,263","1,807","1,784","1,597","1,300","1,158",976,815,650,513,385,324,276,182,154,101,69,42,45,59
2817751000,인천광역시 미추홀구 숭의2동,"14,533","14,533",75,96,98,108,118,110,95,102,86,104,105,101,84,88,82,96,90,92,100,102,109,116,157,152,177,183,233,228,208,233,258,249,202,210,191,201,180,187,192,198,238,246,226,234,183,222,205,211,229,203,264,227,248,230,239,225,212,259,221,237,260,258,230,278,230,222,209,212,173,139,152,125,127,139,132,144,112,91,113,100,137,83,72,73,76,49,47,54,38,27,15,14,14,3,9,7,2,4,1,3,4
2817752000,인천광역시 미추홀구 숭의1.3동,"15,959","15,959",125,120,127,132,120,133,132,120,116,89,106,100,75,92,87,93,113,105,119,130,131,152,184,186,195,230,257,293,285,292,322,348,288,269,258,260,256,266,241,272,250,296,251,261,213,219,198,209,246,264,279,253,287,285,255,235,228,281,251,226,290,242,261,254,223,177,188,190,123,135,140,96,117,104,111,100,89,87,76,89,103,71,73,58,68,48,56,40,31,28,20,13,10,14,11,6,2,5,0,1,3
2817753000,인천광역시 미추홀구 숭의4동,"15,656","15,656",58,70,87,81,88,102,94,115,104,115,128,109,126,117,122,125,103,113,130,146,141,155,171,173,178,198,189,230,230,272,238,219,198,196,189,186,213,181,189,224,229,276,253,253,195,201,212,250,218,257,263,252,275,252,264,238,242,257,271,226,275,270,294,283,257,253,226,213,215,188,205,122,125,164,162,162,123,117,120,111,117,113,80,84,70,57,48,43,36,39,19,18,15,21,5,6,3,2,2,4,2
2817754000,인천광역시 미추홀구 용현1.4동,"17,602","17,602",28,47,53,64,50,45,73,69,58,70,87,77,78,73,82,102,77,85,96,206,281,364,587,633,542,528,420,363,301,287,254,221,185,177,164,171,138,125,148,161,183,202,185,197,162,188,185,193,216,254,269,259,267,260,258,238,242,252,252,269,323,280,337,294,294,277,266,239,236,206,248,164,204,195,180,219,157,133,124,153,179,151,96,112,86,63,56,49,33,33,21,15,19,18,10,12,5,5,3,3,3
2817755000,인천광역시 미추홀구 용현2동,"17,528","17,528",91,111,119,109,130,146,130,153,116,120,121,116,122,105,124,130,139,121,126,167,138,159,197,191,206,257,267,271,320,328,310,345,306,267,244,229,252,226,264,265,305,300,273,295,215,220,243,231,238,261,289,272,308,274,276,272,230,261,233,254,269,289,293,260,225,261,223,263,203,200,213,170,169,160,167,171,139,106,112,116,115,110,72,79,73,45,41,46,31,24,24,16,14,9,12,9,6,0,3,1,1
2817756000,인천광역시 미추홀구 용현3동,"7,456","7,456",27,20,20,28,39,26,28,25,21,24,34,29,39,28,26,31,31,35,30,39,45,64,72,92,113,109,128,113,119,117,117,99,104,105,93,86,75,70,74,94,86,96,93,95,69,76,85,89,97,100,128,136,108,125,128,118,122,111,124,126,171,147,171,136,125,169,158,129,113,115,114,90,99,107,90,95,81,84,81,54,96,68,67,54,47,48,26,30,28,19,17,7,14,9,3,7,3,0,0,0,3
2817757000,인천광역시 미추홀구 용현5동,"46,748","46,748",192,218,234,279,272,354,424,477,442,498,540,567,497,500,500,489,454,417,508,464,490,555,700,627,645,697,644,661,674,636,626,658,567,510,531,491,521,618,595,700,825,856,858,881,748,775,726,779,860,851,862,842,881,853,796,739,679,738,712,697,742,766,697,657,619,595,542,536,457,342,400,249,297,336,306,328,264,237,231,183,231,204,177,184,121,122,110,84,76,47,42,35,19,23,23,15,6,7,3,4,1
2817758000,인천광역시 미추홀구 학익1동,"30,382","30,382",108,103,146,145,190,196,236,287,274,257,327,314,345,325,342,314,337,318,357,347,342,427,419,412,369,396,391,334,375,313,363,334,321,286,267,263,304,320,312,400,408,432,501,555,433,503,466,541,571,633,615,640,620,619,610,549,504,482,469,493,511,507,514,494,464,448,397,391,331,287,305,194,245,238,232,228,189,153,164,177,173,155,114,109,84,84,69,57,39,38,38,25,22,11,9,4,6,3,3,5,5
2817759000,인천광역시 미추홀구 학익2동,"18,464","18,464",56,56,71,61,69,101,92,128,142,104,165,149,143,163,159,183,157,166,165,185,178,192,201,228,219,260,255,258,235,228,259,214,228,186,196,178,184,197,187,246,267,259,280,235,246,254,258,300,304,318,303,348,338,369,333,322,305,327,338,305,333,315,352,329,302,326,279,257,269,206,220,154,170,190,179,201,135,131,153,129,138,129,98,94,106,76,72,53,49,39,25,23,16,20,10,13,7,2,4,3,4
2817760000,인천광역시 미추홀구 도화1동,"22,221","22,221",116,130,136,119,131,144,144,157,171,157,159,163,165,142,163,144,123,169,125,164,155,215,278,251,300,290,311,374,346,394,392,398,333,322,290,286,271,331,309,317,355,362,409,368,311,307,272,314,347,360,323,381,406,384,359,357,353,388,369,339,354,378,408,363,336,322,300,341,262,211,245,177,186,199,193,229,171,142,152,126,174,123,101,97,81,89,66,60,47,27,32,10,19,17,7,12,9,4,0,1,1
2817761000,인천광역시 미추홀구 도화2.3동,"32,445","32,445",206,242,265,281,308,326,348,333,329,306,321,320,267,235,253,246,230,245,245,270,280,304,332,315,347,397,387,437,409,401,466,487,477,484,476,509,541,575,593,668,741,640,676,625,482,470,460,477,493,538,488,492,440,468,503,446,413,465,517,468,490,532,570,507,481,461,404,453,325,280,315,197,235,251,222,240,185,165,159,142,172,148,110,100,101,80,68,68,49,42,36,25,19,17,10,9,2,2,4,1,5
2817762000,인천광역시 미추홀구 주안1동,"20,848","20,848",110,119,115,104,110,118,118,113,109,84,90,96,90,76,69,80,76,84,90,125,158,191,283,315,364,455,525,579,589,610,606,579,445,462,425,379,366,355,367,379,421,393,365,320,297,318,284,285,284,294,333,382,325,317,363,297,241,316,318,292,293,319,335,270,238,269,230,221,166,146,161,94,95,122,103,105,77,81,75,68,77,84,67,52,47,36,28,30,27,21,11,13,10,6,3,4,4,3,1,3,0
2817763000,인천광역시 미추홀구 주안2동,"16,451","16,451",58,61,61,63,76,92,78,90,98,108,121,104,96,107,106,124,109,93,118,120,128,150,192,192,191,224,226,243,241,206,260,205,202,165,203,203,180,205,194,219,221,265,236,203,207,230,215,223,250,252,276,284,286,285,281,255,269,258,265,274,321,308,335,302,321,296,264,293,243,213,232,162,174,190,182,182,181,143,118,142,146,115,104,71,91,60,69,43,49,38,30,24,17,15,11,5,8,1,3,1,1
2817764000,인천광역시 미추홀구 주안3동,"8,569","8,569",27,30,24,35,27,28,63,55,48,54,65,45,78,57,74,79,49,61,56,78,68,89,92,110,114,127,127,118,142,121,119,98,111,78,71,90,78,86,88,115,94,117,111,113,124,117,119,124,156,148,155,142,140,132,148,160,135,134,140,144,138,185,156,157,159,159,135,146,131,111,100,89,99,113,110,110,74,74,89,62,75,61,42,47,43,31,29,22,22,19,14,8,10,3,3,6,2,2,2,1,2
2817765000,인천광역시 미추홀구 주안4동,"17,254","17,254",132,115,120,139,108,109,109,104,111,90,101,118,101,99,111,101,87,107,115,118,127,169,170,201,191,184,191,189,226,285,281,280,245,278,254,245,257,234,242,282,296,276,271,275,244,217,231,221,227,261,260,274,269,286,243,242,283,253,278,243,301,298,325,310,290,272,265,276,249,202,249,162,179,192,185,203,138,137,111,150,140,113,93,104,89,65,49,45,38,27,24,29,13,17,12,9,5,4,3,3,2
2817766000,인천광역시 미추홀구 주안5동,"20,522","20,522",119,106,120,93,110,106,104,121,87,124,103,102,101,119,122,154,113,125,125,153,170,191,270,247,233,301,305,342,371,361,369,344,356,363,322,280,290,293,288,292,349,332,308,323,248,264,268,295,280,352,331,355,342,368,352,342,316,350,347,355,368,368,361,356,341,338,275,314,272,208,210,152,197,173,192,176,143,121,110,143,167,100,82,104,81,77,69,49,41,39,23,29,18,18,5,4,6,5,6,2,7
2817767000,인천광역시 미추홀구 주안6동,"21,679","21,679",100,103,126,130,148,180,202,201,208,233,225,203,187,187,160,205,174,130,178,185,179,171,193,215,247,296,314,312,316,322,352,314,277,294,293,302,310,329,331,391,420,404,448,364,338,362,353,332,359,355,374,356,351,355,314,311,293,285,284,307,387,353,351,340,326,292,301,305,243,199,219,172,156,168,176,181,154,120,105,104,126,100,83,85,78,59,63,53,45,31,33,26,17,12,8,4,7,3,1,2,3
2817768000,인천광역시 미추홀구 주안7동,"12,239","12,239",21,29,29,31,48,40,51,67,51,75,82,89,75,80,69,92,93,93,80,101,106,100,138,156,131,131,159,151,150,172,150,141,130,107,89,88,98,120,147,136,147,168,186,167,166,158,162,182,185,235,209,198,229,217,202,216,183,233,225,238,255,251,269,252,249,236,236,239,185,179,199,115,148,135,146,150,118,114,101,112,128,101,74,74,66,61,47,37,36,35,17,10,14,15,10,6,4,4,2,2,5
2817769000,인천광역시 미추홀구 주안8동,"20,340","20,340",53,55,76,84,88,111,107,126,120,152,144,181,166,182,161,183,157,180,166,198,195,213,250,244,255,259,290,288,297,282,264,271,223,235,196,181,205,212,230,245,307,284,281,316,258,275,259,314,338,351,366,406,380,417,366,349,354,410,383,359,393,418,438,418,375,327,285,315,244,210,227,157,209,200,167,183,164,128,115,133,158,117,97,95,87,74,70,54,44,33,33,22,10,6,11,4,8,7,0,1,5
2817770000,인천광역시 미추홀구 관교동,"14,680","14,680",37,37,48,63,79,62,88,106,111,108,125,148,121,103,118,145,122,127,144,141,115,147,171,174,164,192,199,201,204,184,190,160,164,162,155,170,133,157,172,188,229,234,200,229,217,207,196,214,221,244,233,225,244,253,281,239,256,273,263,232,306,307,305,281,267,247,266,267,194,178,202,107,150,156,147,127,136,93,89,98,87,69,59,64,56,49,47,35,32,33,24,8,23,14,9,11,2,4,1,3,2
2817771000,인천광역시 미추홀구 문학동,"14,428","14,428",32,56,54,62,58,55,82,84,106,90,101,101,111,119,124,119,112,112,128,125,141,166,188,175,160,218,189,231,183,189,230,209,212,181,184,179,148,183,190,200,258,298,309,305,243,242,262,269,311,342,340,344,306,300,310,277,253,250,221,212,255,233,240,205,169,188,167,173,131,115,150,78,104,100,102,72,89,66,49,73,74,48,46,44,46,27,28,24,24,11,15,15,11,8,1,1,4,2,0,1,0
2818500000,인천광역시 인천광역시 연수구 ,"385,796","385,796","2,259","2,448","2,640","3,064","3,340","3,578","4,002","4,419","4,443","4,382","4,675","4,663","4,594","4,339","4,467","4,731","3,973","3,824","4,103","4,303","4,091","4,644","4,966","4,741","4,828","4,841","4,834","4,899","5,014","5,124","5,339","5,321","4,915","5,005","5,065","5,036","5,307","5,733","5,692","6,402","7,112","7,465","7,065","7,217","6,162","6,516","6,270","6,698","6,958","7,038","7,059","7,375","6,966","6,881","6,629","6,152","5,635","6,113","6,134","5,881","6,263","6,090","5,947","5,326","4,786","4,467","3,770","3,755","3,085","2,488","2,686","1,612","1,828","1,854","1,805","1,842","1,489","1,204","1,185","1,255","1,378","1,174",932,987,839,760,618,613,504,393,352,269,231,170,135,114,57,57,33,28,45
2818563000,인천광역시 연수구 옥련1동,"18,877","18,877",68,70,82,96,107,94,110,152,174,169,174,204,151,164,173,174,210,160,191,190,190,197,228,266,262,254,263,264,247,222,241,228,211,215,206,178,182,180,205,227,271,307,287,297,216,297,256,321,353,335,354,360,335,354,360,373,338,341,376,361,401,339,392,318,284,273,216,240,213,172,189,117,135,142,149,174,142,88,112,102,113,101,79,78,87,67,44,46,42,32,28,30,20,10,10,11,2,4,3,0,1
2818564000,인천광역시 연수구 옥련2동,"19,813","19,813",76,87,84,109,105,152,135,177,150,173,181,198,181,199,221,236,189,214,227,195,215,230,258,265,244,285,267,263,271,276,254,242,230,233,203,180,208,217,217,251,296,313,315,305,277,272,310,351,344,366,359,366,378,397,397,378,342,393,387,363,384,388,351,305,316,272,242,245,215,172,174,115,116,142,123,146,104,95,97,117,97,80,83,73,61,47,45,48,39,23,18,23,17,9,8,5,4,2,1,0,4
2818575000,인천광역시 연수구 선학동,"16,674","16,674",44,43,58,69,78,81,84,83,96,106,94,98,103,81,97,116,113,104,110,123,115,177,163,198,229,233,238,271,248,238,256,218,229,195,203,206,205,218,169,192,243,237,207,212,198,197,209,221,250,255,278,266,279,277,339,314,306,347,351,332,402,458,402,390,327,327,266,277,236,224,205,128,136,148,148,155,113,81,98,88,119,88,82,74,68,66,36,48,41,28,31,17,15,16,15,6,3,3,1,2,6
2818576100,인천광역시 연수구 연수1동,"18,401","18,401",44,45,55,71,72,68,70,93,89,112,118,105,131,122,148,132,122,145,160,208,188,254,247,267,281,261,288,291,297,307,304,271,227,233,214,193,213,204,208,204,284,269,297,299,252,277,223,312,308,344,359,397,354,392,366,371,349,383,377,382,407,338,405,286,322,285,261,260,185,157,189,130,114,140,117,138,112,90,88,87,95,70,62,73,52,50,45,41,30,27,25,19,13,10,4,6,1,2,3,2,3
2818576200,인천광역시 연수구 연수2동,"20,610","20,610",104,95,109,103,118,125,121,151,145,127,140,144,149,123,142,174,173,151,183,195,192,220,251,262,266,302,317,344,368,348,398,397,362,340,332,323,258,259,253,275,309,313,277,302,242,265,254,299,348,327,348,357,346,341,367,374,336,366,362,367,442,421,386,367,344,313,288,265,206,180,194,103,134,130,138,123,108,80,86,97,120,104,70,78,81,66,72,47,49,40,33,22,22,16,10,12,2,7,2,6,7
2818576300,인천광역시 연수구 연수3동,"15,728","15,728",86,72,66,72,80,84,81,98,80,99,107,116,96,98,112,109,106,111,120,137,143,184,209,178,190,205,211,177,202,246,279,233,254,225,190,214,200,220,151,218,188,198,200,189,159,186,206,201,216,223,276,279,286,246,285,261,242,301,318,323,362,330,344,327,293,296,214,266,207,157,172,125,128,125,119,130,96,102,110,102,115,96,79,116,66,61,60,59,51,36,33,20,19,22,16,11,6,5,2,1,7
2818576600,인천광역시 연수구 청학동,"24,246","24,246",69,77,72,76,105,108,121,119,130,136,134,145,157,132,149,183,166,158,193,180,193,232,280,261,295,316,325,390,359,384,402,377,345,292,286,264,263,245,261,302,299,299,319,311,303,274,329,345,361,408,451,479,483,515,521,474,474,498,551,539,536,555,548,504,451,427,412,342,309,241,286,183,206,180,219,204,156,133,133,151,177,145,103,107,114,89,75,79,57,42,43,23,26,22,15,16,5,8,2,3,4
2818578000,인천광역시 연수구 동춘1동,"25,022","25,022",156,175,182,200,219,218,265,245,243,236,254,257,262,244,236,293,264,249,279,299,269,286,325,307,296,300,312,290,305,326,330,336,318,289,328,350,372,362,340,413,415,466,425,388,362,393,384,399,424,459,471,524,466,494,428,440,411,447,487,430,475,484,465,395,365,337,241,298,241,170,185,109,131,123,107,97,86,71,66,62,76,68,53,48,46,37,46,39,29,22,23,19,20,11,10,1,9,5,3,4,2
2818579000,인천광역시 연수구 동춘2동,"17,969","17,969",93,100,102,100,102,121,135,139,148,128,167,176,178,187,171,196,171,199,202,192,193,216,235,234,238,238,253,231,245,271,261,326,272,284,253,219,266,220,216,246,274,265,239,268,251,260,246,260,329,302,287,370,365,332,318,332,336,365,336,301,364,330,352,306,262,270,193,212,185,117,122,69,97,97,100,93,75,61,64,67,77,71,54,57,56,61,38,36,29,25,16,16,13,5,2,6,2,3,2,1,3
2818579500,인천광역시 연수구 동춘3동,"18,104","18,104",31,63,51,88,123,125,136,173,227,193,257,242,313,253,277,310,252,270,273,247,271,298,293,227,267,250,195,217,189,198,179,171,143,139,147,148,146,165,172,222,236,287,277,290,248,313,322,346,348,403,383,411,367,393,361,301,280,304,289,328,282,325,286,261,233,223,188,163,153,123,137,82,100,92,88,93,76,66,73,85,77,71,58,58,44,35,29,32,26,24,17,17,17,11,3,11,7,3,5,1,1
2818582000,인천광역시 연수구 송도1동,"37,909","37,909",129,152,195,214,263,265,320,364,362,412,450,477,545,519,575,649,455,521,521,804,702,796,811,768,727,636,572,578,582,544,559,502,376,386,362,353,375,388,395,466,548,576,590,674,568,624,611,695,695,794,708,819,728,700,697,606,542,579,547,546,537,538,487,529,386,364,337,314,257,215,247,112,141,153,134,140,126,100,77,101,88,98,68,79,53,34,43,43,24,31,34,25,18,11,19,10,6,7,2,2,2
2818583000,인천광역시 연수구 송도2동,"36,476","36,476",156,193,221,305,366,468,591,653,709,679,716,704,712,725,686,705,610,585,552,483,415,436,455,351,348,305,303,276,306,308,316,272,268,299,345,354,418,491,547,638,771,824,818,914,799,844,822,831,869,848,821,804,720,699,589,518,450,446,459,402,412,385,326,345,274,263,212,213,149,118,141,69,82,86,96,96,69,59,47,60,60,59,42,52,37,40,30,26,30,16,9,10,11,10,8,3,4,2,3,1,3
2818584000,인천광역시 연수구 송도3동,"48,738","48,738",450,450,505,572,607,643,660,747,724,757,787,749,731,659,639,707,587,475,498,510,476,534,517,528,586,632,650,704,697,674,696,794,700,766,812,792,869,944,"1,024","1,043","1,117","1,170","1,122","1,104",929,955,902,961,937,876,892,856,771,691,657,592,522,556,530,503,527,493,505,402,367,312,286,270,221,176,195,112,136,120,123,119,109,96,73,52,75,63,49,51,36,43,37,33,26,22,20,16,9,5,6,7,2,2,1,3,0
2818585000,인천광역시 연수구 송도4동,"27,225","27,225",232,280,307,356,392,392,466,523,496,440,482,464,393,423,358,351,274,210,274,260,207,244,285,272,272,300,298,262,278,335,301,329,345,357,395,437,492,614,555,636,685,715,674,668,561,557,519,523,529,481,445,510,486,435,406,340,282,329,306,296,299,289,298,252,209,182,143,153,108,109,108,71,58,67,63,64,54,38,25,44,52,23,22,18,18,36,6,17,17,12,12,5,3,4,4,4,1,0,2,1,0
2818586000,인천광역시 연수구 송도5동,"40,004","40,004",521,546,551,633,603,634,707,702,670,615,614,584,492,410,483,396,281,272,320,280,322,340,409,357,327,324,342,341,420,447,563,625,635,752,789,825,840,"1,006",979,"1,069","1,176","1,226","1,018",996,797,802,677,633,647,617,627,577,602,615,538,478,425,458,458,408,433,417,400,339,353,323,271,237,200,157,142,87,114,109,81,70,63,44,36,40,37,37,28,25,20,28,12,19,14,13,10,7,8,8,5,5,3,4,1,1,2
2820000000,인천광역시 인천광역시 남동구 ,"506,181","506,181","2,056","2,269","2,509","2,832","3,150","3,506","4,026","4,489","4,476","4,536","5,049","4,989","4,897","4,624","4,751","5,028","4,615","4,426","4,614","4,879","4,745","5,488","6,116","6,062","6,390","6,784","6,973","7,300","7,287","7,408","7,429","7,045","6,411","6,112","6,101","5,879","5,933","6,291","6,415","7,529","8,425","8,745","8,834","8,696","7,703","8,232","7,804","8,238","8,548","9,003","8,970","9,368","9,083","8,998","9,260","8,482","8,117","8,708","8,503","7,989","8,937","9,134","9,145","8,159","7,681","7,257","6,317","6,486","5,463","4,707","5,123","3,266","3,660","3,681","3,547","3,566","2,900","2,387","2,482","2,284","2,670","2,058","1,850","1,672","1,485","1,299","1,142",991,818,605,541,420,357,278,214,150,94,71,54,38,67
2820051000,인천광역시 남동구 구월1동,"30,849","30,849",124,164,180,204,244,257,328,337,335,355,410,399,376,318,304,308,239,265,243,289,216,304,339,343,396,412,441,426,473,461,461,409,390,369,324,340,371,404,430,558,623,656,660,621,527,531,492,515,502,472,496,526,506,495,520,481,473,475,487,471,527,530,541,481,456,412,354,342,304,268,257,167,200,179,195,188,165,135,123,100,115,98,84,82,74,53,70,46,58,37,33,14,22,21,15,6,4,6,4,3,5
2820052000,인천광역시 남동구 구월2동,"35,233","35,233",160,170,211,215,265,302,368,452,436,442,494,472,442,479,451,462,427,433,404,395,356,421,461,376,379,423,410,421,434,402,401,363,360,345,339,359,373,396,462,538,651,645,675,650,597,687,601,653,661,707,649,650,620,595,657,554,535,571,533,475,540,613,549,490,467,449,397,376,354,340,322,183,203,225,235,203,165,143,122,132,136,121,94,74,82,74,45,44,37,25,32,19,18,22,7,6,9,6,2,1,6
2820052100,인천광역시 남동구 구월3동,"30,138","30,138",127,132,112,128,132,132,160,147,146,185,171,161,157,159,152,170,165,177,187,214,268,348,463,589,685,793,824,835,822,792,841,744,656,552,591,517,496,508,435,502,530,553,535,502,435,419,414,415,453,500,495,477,500,533,450,424,402,422,425,368,447,416,397,385,335,351,275,276,248,210,228,138,167,155,161,152,130,111,132,93,137,88,71,76,45,55,52,50,32,22,19,22,9,12,5,3,1,1,1,2,1
2820052200,인천광역시 남동구 구월4동,"14,331","14,331",43,31,37,41,38,52,54,63,55,79,77,73,80,73,86,86,86,94,102,126,112,153,167,193,219,217,240,232,231,225,209,197,153,149,150,125,139,143,132,145,194,202,193,180,202,188,179,194,241,248,240,278,269,276,288,271,310,317,286,254,309,315,336,288,256,252,216,231,222,181,182,105,160,150,142,142,127,93,114,92,120,78,80,64,68,49,41,42,28,29,31,19,12,13,7,10,3,5,0,2,0
2820053000,인천광역시 남동구 간석1동,"17,743","17,743",66,59,63,81,77,81,79,91,98,99,110,125,128,109,117,132,134,112,129,139,152,180,175,200,222,239,284,306,280,324,305,306,266,265,235,229,210,238,241,245,289,269,261,275,217,259,245,261,266,283,327,319,296,295,321,318,292,298,299,290,348,362,363,305,283,267,226,242,200,192,215,143,168,163,176,168,143,100,124,116,150,92,86,90,67,60,41,48,40,28,29,29,22,15,7,6,7,5,0,4,2
2820054000,인천광역시 남동구 간석2동,"21,603","21,603",69,90,93,91,127,132,171,185,185,191,202,194,242,204,203,218,211,161,197,204,183,247,250,237,257,278,304,284,311,291,280,303,268,241,240,220,229,236,246,296,348,333,352,388,351,380,368,342,368,387,370,422,412,393,348,371,315,391,371,380,378,380,395,369,326,325,275,293,264,216,235,162,188,179,194,169,133,118,144,104,128,102,96,72,70,66,57,40,33,21,27,20,18,16,8,9,5,3,0,1,3
2820055000,인천광역시 남동구 간석3동,"26,791","26,791",110,93,109,114,117,149,131,192,141,150,178,176,179,173,177,194,196,176,196,214,259,309,292,362,334,399,405,454,416,427,426,441,348,312,351,315,304,318,305,349,403,375,410,369,371,370,374,406,382,464,475,510,474,509,540,486,475,517,528,471,491,576,553,541,443,391,372,379,337,302,344,215,243,236,243,235,175,128,154,145,191,156,129,108,96,72,78,50,52,29,29,15,21,11,17,12,8,6,2,1,5
2820055100,인천광역시 남동구 간석4동,"28,950","28,950",136,115,130,161,137,158,178,193,205,188,179,215,209,202,247,241,210,215,242,267,281,322,349,391,411,429,424,474,460,508,448,420,410,391,380,355,372,383,334,388,449,458,499,434,415,425,422,415,470,502,500,503,509,552,571,522,466,516,511,509,529,550,562,505,446,462,364,416,338,290,324,227,226,236,224,205,176,161,150,143,154,125,114,90,97,79,60,57,53,39,27,40,21,12,12,12,3,4,3,1,7
2820056000,인천광역시 남동구 만수1동,"16,621","16,621",71,59,74,63,78,73,68,88,84,77,83,90,77,91,89,102,96,71,120,140,142,147,173,185,190,203,220,242,253,234,242,237,219,198,205,203,178,185,203,216,202,215,202,237,193,216,209,218,227,279,300,305,306,329,302,281,307,333,338,284,342,399,355,330,325,310,274,277,240,200,218,151,148,180,152,172,142,107,148,114,137,113,113,109,89,81,84,55,63,30,22,24,22,15,13,5,4,1,4,0,1
2820057000,인천광역시 남동구 만수2동,"23,658","23,658",82,110,111,127,115,148,169,185,173,185,238,228,217,227,249,231,220,240,235,234,271,268,298,284,287,304,329,316,294,311,320,280,270,260,254,239,220,277,240,339,363,393,350,352,382,394,370,365,434,452,455,390,442,422,471,450,404,425,424,368,454,437,470,391,438,384,307,330,291,226,278,189,179,209,170,179,116,133,113,120,122,97,83,75,61,53,58,46,29,27,22,26,12,8,14,9,3,3,1,3,1
2820058000,인천광역시 남동구 만수3동,"17,250","17,250",58,72,72,96,106,135,148,144,136,161,169,146,161,134,166,150,139,154,171,166,166,187,216,229,197,268,238,272,254,270,251,244,191,182,183,178,211,169,207,242,265,288,283,282,242,240,245,274,287,304,302,307,287,299,335,290,293,301,298,310,346,336,359,309,301,257,237,224,195,167,195,122,131,127,122,144,113,97,72,86,107,55,53,56,42,52,29,27,21,21,20,11,13,12,7,4,2,3,2,1,1
2820058100,인천광역시 남동구 만수4동,"20,208","20,208",85,91,101,102,97,115,130,130,160,150,162,157,175,158,189,171,184,177,183,179,190,205,220,225,240,242,254,293,286,295,309,312,288,265,258,255,211,212,232,240,278,278,295,318,285,302,298,347,316,322,322,390,346,349,389,343,335,386,343,346,412,384,394,391,376,343,300,316,279,228,219,136,153,169,160,182,134,102,125,98,106,82,93,84,61,60,52,59,45,40,26,16,21,14,8,8,2,1,4,2,7
2820058200,인천광역시 남동구 만수5동,"15,213","15,213",42,41,66,52,58,54,60,60,50,59,72,86,77,64,98,90,105,87,97,128,130,141,194,187,203,222,241,230,253,250,254,202,192,191,150,143,155,149,143,177,195,182,194,183,166,165,176,204,223,228,252,281,268,270,310,265,298,306,289,302,339,366,348,314,300,321,246,276,199,221,224,152,204,162,156,190,137,117,110,112,122,82,73,72,73,57,42,48,37,17,20,14,8,11,12,5,6,2,4,3,1
2820058300,인천광역시 남동구 만수6동,"23,565","23,565",62,78,75,79,88,120,124,144,156,173,194,185,223,192,218,219,209,186,220,238,233,277,321,285,301,301,336,316,292,331,308,287,290,251,259,221,221,236,230,297,311,299,308,322,291,297,315,357,374,458,428,476,474,488,476,457,386,492,467,443,512,503,540,457,417,407,337,378,280,205,254,179,178,195,174,182,148,141,120,136,169,132,117,106,105,97,64,83,43,49,36,29,28,24,19,8,3,5,4,2,4
2820065000,인천광역시 남동구 장수서창동,"19,510","19,510",75,77,89,95,133,137,166,172,203,157,231,219,220,215,226,235,225,203,185,199,186,199,230,214,222,222,202,222,219,218,213,207,183,209,185,200,179,219,232,240,308,323,348,292,285,297,319,349,362,324,340,360,373,344,350,304,326,351,339,320,351,364,415,330,311,341,301,324,216,203,246,133,144,148,154,159,135,88,100,92,95,79,96,64,60,47,56,36,30,32,20,11,17,4,12,3,5,0,6,1,4
2820065500,인천광역시 남동구 서창2동,"38,985","38,985",200,288,353,457,476,535,638,668,704,615,631,619,519,440,441,396,352,335,293,278,254,266,321,282,303,318,313,375,411,458,446,481,447,507,557,605,647,727,800,962,967,"1,032","1,019",984,767,818,664,644,633,631,542,543,496,485,511,500,469,480,484,465,546,550,559,495,488,444,447,410,353,275,322,201,223,226,183,204,143,129,108,109,112,98,76,66,58,58,42,35,43,27,28,14,14,5,9,8,8,6,5,0,6
2820066000,인천광역시 남동구 남촌도림동,"20,747","20,747",62,68,74,94,94,96,116,140,162,128,146,172,174,164,149,225,173,169,160,192,215,239,249,285,286,276,288,281,284,305,263,279,222,203,199,202,192,190,183,272,256,284,288,299,274,285,281,314,343,361,405,408,394,409,460,420,405,470,432,397,420,463,443,424,376,335,294,291,252,225,244,125,185,165,156,171,143,102,121,110,138,94,92,96,84,61,61,55,29,22,25,19,26,12,7,9,5,4,2,2,3
2820069000,인천광역시 남동구 논현1동,"31,463","31,463",184,171,191,224,237,235,258,342,304,303,354,343,323,340,319,395,350,332,352,336,336,366,420,345,346,366,385,411,397,402,427,369,403,379,401,391,384,407,406,421,544,579,578,556,498,576,536,586,555,603,623,617,608,570,590,537,538,538,525,483,516,505,493,443,427,389,361,359,286,232,301,168,193,172,184,145,172,108,117,117,136,115,89,76,72,74,63,59,42,33,22,24,18,16,14,10,6,4,1,3,3
2820070000,인천광역시 남동구 논현2동,"32,511","32,511",139,149,161,149,198,192,240,255,250,279,316,309,309,287,299,349,330,286,334,346,345,416,445,363,431,433,452,480,511,530,559,544,447,452,440,388,384,364,390,453,497,538,518,563,446,532,528,545,566,619,571,588,660,608,605,551,530,510,527,511,547,533,546,456,452,410,387,400,310,265,305,192,214,231,197,216,172,155,159,154,191,152,131,120,116,89,84,63,43,42,40,29,20,21,15,11,8,5,6,3,4
2820071000,인천광역시 남동구 논현고잔동,"40,812","40,812",161,211,207,259,333,403,440,501,493,560,632,620,609,595,571,654,564,553,564,595,450,493,533,487,481,439,383,430,406,374,466,420,408,391,400,394,457,530,564,649,752,843,866,889,759,851,768,834,885,859,878,"1,018",843,777,766,657,558,609,597,542,583,552,527,455,458,407,347,346,295,261,210,178,153,174,169,160,131,119,126,111,104,99,80,92,65,62,63,48,60,35,33,25,15,14,6,6,2,1,3,3,3
2823700000,인천광역시 인천광역시 부평구 ,"489,118","489,118","2,247","2,247","2,326","2,522","2,756","2,951","3,369","3,551","3,560","3,483","3,887","3,924","3,846","3,873","3,985","4,401","3,886","4,008","4,205","4,622","4,592","5,081","5,867","5,801","6,180","6,784","7,036","7,554","7,896","8,038","8,148","7,883","7,072","6,806","6,532","6,315","6,282","6,068","6,348","7,035","7,545","7,744","7,652","7,316","6,465","7,099","6,778","7,066","7,832","8,351","8,395","8,784","8,815","8,964","9,203","8,507","8,374","8,734","8,971","8,269","9,035","9,305","9,265","8,421","7,677","7,417","6,302","6,556","5,439","4,577","4,937","3,443","3,654","3,698","3,597","3,532","2,894","2,372","2,509","2,466","2,865","2,213","1,849","1,908","1,627","1,423","1,237","1,094",870,743,588,445,357,297,211,164,93,57,43,28,79
2823751000,인천광역시 부평구 부평1동,"35,887","35,887",173,174,159,192,223,203,232,224,217,229,216,223,250,243,288,268,247,247,330,330,327,416,465,493,513,550,573,660,672,707,732,707,630,575,529,538,538,481,487,545,541,554,550,562,471,506,486,486,558,611,632,697,623,611,615,533,557,596,611,568,603,596,616,583,509,542,423,436,395,324,361,254,255,239,267,247,206,147,174,173,213,151,139,136,125,107,97,86,68,60,38,31,32,29,11,11,10,6,4,2,7
2823752000,인천광역시 부평구 부평2동,"14,578","14,578",59,61,58,55,66,56,76,72,93,97,98,121,94,107,88,121,106,118,112,114,133,127,161,171,158,228,250,250,271,242,240,213,205,193,186,178,188,179,200,193,246,235,216,200,158,207,198,205,224,270,267,216,261,267,279,265,244,257,242,250,296,235,295,271,249,224,189,219,161,149,181,134,144,148,134,126,129,84,99,100,109,82,50,55,50,36,35,41,26,24,15,11,10,8,6,3,1,2,0,0,2
2823753000,인천광역시 부평구 부평3동,"12,390","12,390",41,53,44,61,52,61,60,65,66,42,61,57,63,67,81,91,81,71,78,90,93,114,140,147,156,144,166,182,200,154,209,197,171,167,167,156,127,134,133,144,190,177,163,183,147,172,167,154,179,210,197,211,210,203,218,223,223,215,249,232,245,249,292,252,236,203,206,195,181,154,175,117,125,128,131,123,93,94,86,83,132,83,66,57,54,56,59,36,38,25,28,15,14,10,17,10,3,3,2,1,4
2823754000,인천광역시 부평구 부평4동,"36,328","36,328",189,156,175,219,203,214,277,262,224,224,225,231,221,222,224,223,222,214,237,295,284,319,414,418,543,606,658,786,787,863,810,821,674,650,578,596,590,565,567,630,608,648,595,516,466,524,512,461,554,590,578,579,601,625,622,619,537,606,581,554,606,628,590,530,533,482,405,434,354,280,315,234,242,252,272,266,210,176,194,137,189,155,117,141,96,102,85,74,57,43,36,25,28,18,9,6,7,2,2,1,3
2823755000,인천광역시 부평구 부평5동,"30,785","30,785",169,210,179,184,217,217,247,252,226,237,255,205,212,204,195,240,190,213,183,225,256,270,311,369,418,528,577,615,620,674,685,631,623,595,504,474,505,466,487,531,578,587,613,495,435,458,427,420,466,535,514,485,494,551,521,460,464,497,466,442,475,485,486,430,408,406,334,359,296,216,243,182,177,186,201,179,135,137,107,142,119,109,98,109,86,79,60,46,48,32,27,22,19,15,12,2,5,2,0,0,4
2823756000,인천광역시 부평구 부평6동,"14,465","14,465",79,73,81,92,89,97,108,109,106,84,89,105,71,74,73,98,69,80,91,99,100,93,151,158,220,211,219,250,229,222,262,233,230,209,228,224,237,183,213,244,253,272,217,223,187,197,188,206,223,216,218,248,230,257,268,227,240,275,252,229,290,262,282,247,218,226,194,206,197,164,162,113,103,114,109,103,84,87,76,94,105,76,67,60,61,55,42,51,22,24,16,10,4,12,6,8,3,0,2,1,0
2823757000,인천광역시 부평구 산곡1동,"14,135","14,135",110,91,112,106,105,117,103,109,89,86,99,94,87,103,106,119,104,108,111,110,115,121,129,141,140,146,177,151,220,236,241,274,230,255,250,235,234,235,244,228,279,250,242,219,172,187,152,183,217,188,216,230,240,237,252,204,224,239,240,214,249,251,269,244,229,241,195,210,159,140,129,90,99,120,88,105,85,62,85,77,86,64,46,59,50,43,47,38,21,21,22,15,10,4,6,7,6,1,0,1,5
2823758000,인천광역시 부평구 산곡2동,"30,348","30,348",95,111,139,157,190,258,300,309,342,313,385,350,346,377,351,404,317,351,361,346,346,347,405,383,320,399,325,384,373,358,354,345,312,298,319,287,333,322,343,428,465,534,533,534,442,555,478,506,612,552,533,558,591,538,554,488,525,547,540,498,547,591,529,494,420,404,352,387,285,285,257,186,195,229,214,187,171,121,120,134,138,102,94,86,87,64,70,51,37,29,26,26,17,16,6,14,5,0,1,2,3
2823758100,인천광역시 부평구 산곡3동,"21,419","21,419",50,59,76,86,91,85,125,125,116,158,174,167,170,168,191,185,179,224,195,217,216,225,254,230,260,273,265,275,289,264,281,234,239,218,211,198,199,209,217,237,249,256,258,253,254,291,275,273,331,354,369,413,389,375,422,386,351,351,418,402,421,447,490,445,418,404,352,339,295,245,266,163,201,237,218,231,182,160,153,148,191,141,115,137,112,105,80,96,69,59,49,35,32,25,16,8,4,7,5,3,10
2823758200,인천광역시 부평구 산곡4동,"17,196","17,196",60,67,83,91,88,101,117,128,116,138,149,159,160,164,168,185,148,166,176,175,160,246,255,232,244,203,223,221,260,245,257,220,202,201,189,193,172,177,186,221,233,231,243,265,224,261,246,279,289,281,308,336,310,334,313,362,287,295,337,304,355,341,303,301,281,292,226,236,170,160,167,134,143,119,102,121,97,73,94,71,101,86,67,69,76,62,46,51,38,35,20,19,17,9,8,9,6,2,1,1,3
2823759100,인천광역시 부평구 청천1동,"6,699","6,699",19,18,17,31,22,26,30,35,42,25,39,46,42,40,48,45,39,54,61,43,62,73,67,68,72,83,88,107,102,90,80,83,78,64,91,88,84,65,72,78,95,92,109,94,107,87,75,73,108,133,112,142,130,150,155,141,142,143,143,127,156,152,169,143,121,143,118,114,95,61,73,59,53,55,45,54,51,34,39,37,45,33,29,24,21,15,18,14,10,11,3,8,3,5,5,2,2,2,0,0,2
2823759200,인천광역시 부평구 청천2동,"34,958","34,958",222,210,244,238,234,242,268,298,268,276,289,298,257,293,279,324,273,281,284,313,278,354,414,355,433,484,494,526,569,541,589,577,552,514,505,510,477,465,490,548,577,564,569,517,457,516,443,480,497,583,577,578,611,579,690,642,632,644,639,656,687,662,660,631,542,483,449,428,376,314,342,225,214,248,220,223,171,146,160,150,177,148,108,118,95,88,52,62,59,46,42,31,19,25,15,10,5,6,0,1,3
2823764100,인천광역시 부평구 갈산1동,"16,210","16,210",55,62,62,76,76,85,73,81,105,71,102,97,96,78,113,133,108,127,130,169,167,174,233,194,228,258,255,265,302,270,289,259,201,207,226,227,195,201,183,236,208,231,226,235,180,198,204,227,258,290,270,311,313,344,321,336,296,335,356,303,314,355,345,328,258,260,196,227,200,130,185,115,120,122,125,108,101,72,87,75,87,79,53,75,58,43,38,31,20,22,8,12,10,12,6,8,2,3,3,1,5
2823764200,인천광역시 부평구 갈산2동,"18,179","18,179",66,83,77,85,95,102,99,133,122,103,138,127,130,125,125,132,117,130,160,175,153,186,205,192,194,200,233,228,255,285,276,280,264,244,241,235,251,208,254,229,265,278,275,236,199,193,215,236,241,266,268,284,304,304,359,344,267,346,395,347,394,426,433,364,367,345,286,310,226,237,219,151,182,154,161,167,123,97,95,96,116,91,70,76,52,70,52,55,42,29,34,21,21,17,14,9,7,1,3,1,6
2823764600,인천광역시 부평구 삼산1동,"32,424","32,424",106,121,140,136,146,204,226,261,280,243,293,322,302,310,343,351,339,324,322,354,362,379,458,427,419,452,426,453,427,413,418,373,346,343,343,310,344,358,356,421,459,496,508,517,482,523,477,514,549,600,605,624,638,708,671,614,673,562,628,506,619,648,599,529,511,464,409,403,343,276,339,190,214,217,203,228,163,147,172,158,180,142,134,134,129,92,85,76,54,71,58,36,35,21,11,11,5,3,3,2,5
2823764800,인천광역시 부평구 삼산2동,"28,262","28,262",104,84,105,123,187,201,232,287,274,333,364,397,408,377,384,442,393,356,404,437,385,417,438,416,345,353,330,281,319,280,270,288,229,240,227,239,230,252,303,352,428,407,465,503,469,535,547,547,600,660,655,690,649,618,610,516,475,511,437,441,431,454,423,399,327,325,263,250,235,203,203,137,148,147,141,144,119,107,91,90,123,95,78,72,62,59,62,43,44,25,30,17,14,14,9,7,6,4,4,3,5
2823765000,인천광역시 부평구 부개1동,"16,562","16,562",63,55,65,65,78,79,81,86,102,92,116,105,108,93,105,111,100,101,99,128,113,130,163,155,181,199,227,217,279,269,261,264,226,204,189,172,179,182,183,242,232,270,272,240,204,216,209,217,220,259,277,270,294,273,330,254,291,293,300,264,340,366,336,335,329,336,297,298,251,258,217,173,170,204,156,178,149,114,110,131,146,104,73,69,81,67,47,39,31,26,22,17,8,7,7,6,4,3,1,2,2
2823766000,인천광역시 부평구 부개2동,"19,729","19,729",117,132,111,121,135,127,150,147,169,153,146,167,166,161,169,185,167,163,169,180,188,195,236,226,244,263,268,280,281,319,289,299,281,287,284,265,256,253,305,328,326,326,315,293,253,308,307,311,327,327,340,335,355,346,338,338,337,339,370,320,351,369,386,299,304,278,225,279,213,165,199,147,163,146,152,131,111,85,103,99,102,94,70,72,41,45,47,33,39,24,15,15,8,5,10,4,1,1,2,0,3
2823766100,인천광역시 부평구 부개3동,"29,844","29,844",115,125,110,128,147,131,171,215,189,180,218,236,266,297,271,338,289,270,302,358,370,361,390,394,407,444,422,506,473,505,516,465,406,376,396,370,342,342,319,368,382,408,447,440,395,448,455,488,538,535,553,605,560,608,567,557,602,637,605,558,568,595,579,507,431,402,336,317,282,212,258,192,193,176,179,166,155,128,128,136,146,111,119,105,87,65,64,55,48,40,40,28,20,18,19,10,3,2,3,4,1
2823767000,인천광역시 부평구 일신동,"12,224","12,224",58,55,59,70,85,96,113,97,109,107,113,121,99,89,85,89,85,101,100,99,128,113,111,144,147,153,171,183,163,173,174,176,169,163,162,140,144,158,146,188,194,192,173,170,159,155,154,168,191,181,176,188,185,203,223,170,188,193,262,225,245,250,280,267,226,215,176,219,171,136,137,88,105,98,114,105,61,64,68,64,68,44,49,61,34,33,33,32,16,29,14,11,5,9,2,3,1,3,2,0,0
2823768000,인천광역시 부평구 십정1동,"24,294","24,294",223,179,161,141,131,152,172,145,178,168,170,162,169,158,175,153,167,174,169,206,185,222,249,265,275,321,364,416,456,560,605,613,535,529,471,455,387,384,393,369,412,390,365,324,330,312,283,310,327,340,371,374,391,412,416,396,387,381,409,371,363,422,407,363,325,351,299,299,256,203,212,170,162,170,162,145,132,120,108,114,131,100,87,96,72,55,53,42,46,27,22,19,18,8,6,7,6,3,1,2,2
2823769000,인천광역시 부평구 십정2동,"22,202","22,202",74,68,69,65,96,97,109,111,127,124,148,134,129,123,123,164,146,135,131,159,171,199,218,223,263,286,325,318,349,368,310,331,269,274,236,225,270,249,267,275,325,346,298,297,274,250,280,322,323,370,359,410,436,421,459,432,432,472,491,458,480,521,496,459,435,391,372,391,298,265,297,189,246,189,203,195,166,117,160,157,161,123,120,97,98,82,65,42,37,41,23,21,13,10,10,9,1,1,4,0,4
2824500000,인천광역시 인천광역시 계양구 ,"288,856","288,856","1,113","1,242","1,207","1,418","1,463","1,478","1,772","1,978","1,960","1,997","2,225","2,262","2,314","2,226","2,416","2,641","2,383","2,275","2,688","2,873","2,857","3,330","3,653","3,790","3,781","4,127","4,267","4,421","4,557","4,549","4,496","4,364","3,864","3,660","3,483","3,296","3,308","3,482","3,387","3,847","4,061","4,276","4,214","4,222","3,726","4,000","3,933","4,271","4,686","5,163","5,114","5,469","5,648","5,825","6,065","5,744","5,617","5,922","5,938","5,806","6,365","6,303","6,222","5,289","4,803","4,404","3,744","3,725","3,030","2,417","2,710","1,690","1,816","1,848","1,779","1,785","1,398","1,232","1,207","1,225","1,460","1,201",958,992,867,734,731,594,483,405,301,254,200,143,113,96,59,38,35,20,30
2824560100,인천광역시 계양구 효성1동,"27,276","27,276",119,128,118,141,152,145,184,177,185,182,182,219,221,193,233,244,223,194,249,256,247,297,352,330,338,371,385,413,410,378,398,415,362,355,355,329,335,331,353,380,409,416,392,395,334,342,349,346,450,427,459,458,536,505,536,520,517,545,559,512,612,605,631,536,490,464,382,365,311,261,262,203,193,221,174,181,143,128,132,128,140,127,104,118,83,62,73,64,49,36,25,25,15,9,17,3,7,5,2,1,3
2824560200,인천광역시 계양구 효성2동,"28,426","28,426",109,92,117,131,141,158,185,205,203,211,231,237,235,230,238,270,231,254,265,284,284,331,357,378,386,410,429,409,427,436,420,367,338,326,287,305,271,311,331,363,388,381,423,391,327,408,368,417,453,531,487,508,528,559,587,572,511,548,606,613,697,641,686,540,512,416,379,415,318,268,298,214,194,214,185,186,146,131,127,153,142,126,85,112,90,66,53,43,46,37,25,24,19,12,7,8,3,1,3,1,4
2824561100,인천광역시 계양구 계산1동,"18,771","18,771",47,45,45,57,62,53,77,68,83,86,85,81,104,102,93,138,102,100,136,167,165,203,226,242,268,299,294,316,318,299,322,278,277,204,228,209,207,228,197,242,248,216,271,233,215,227,213,235,302,320,282,352,360,396,429,388,413,437,418,403,459,460,416,388,363,346,318,317,240,201,238,138,166,151,142,165,125,106,102,100,103,80,83,76,56,76,61,45,39,20,20,19,14,5,4,8,0,3,3,2,2
2824561200,인천광역시 계양구 계산2동,"15,382","15,382",48,52,40,51,55,53,55,53,48,72,72,71,83,80,60,95,77,79,102,140,141,184,197,201,230,241,227,249,270,256,249,263,213,229,180,195,173,178,167,184,209,182,172,173,155,164,173,205,225,237,226,262,298,322,348,305,316,326,333,341,387,392,377,360,344,294,275,244,216,174,216,102,134,121,129,126,95,71,74,82,99,68,40,55,49,42,52,36,36,22,17,20,8,8,10,8,4,2,3,1,4
2824561300,인천광역시 계양구 계산3동,"18,617","18,617",69,67,59,68,70,57,76,96,81,100,128,110,108,121,120,150,136,122,160,169,165,188,253,238,245,301,354,343,377,427,382,363,317,298,253,252,244,255,226,223,235,247,188,233,190,224,212,226,233,301,320,325,358,377,388,408,402,422,435,437,468,487,474,364,363,294,234,259,206,142,169,79,94,97,87,85,60,63,57,53,76,63,48,54,58,44,34,38,27,31,19,9,13,16,10,1,1,3,3,2,0
2824561400,인천광역시 계양구 계산4동,"22,804","22,804",55,84,77,105,104,119,154,204,189,202,203,235,217,235,243,281,215,228,259,285,260,286,364,363,342,374,378,379,346,327,320,315,271,266,227,218,214,223,235,286,308,330,366,374,346,319,332,381,418,464,459,492,478,522,567,499,467,500,491,489,532,508,463,386,319,280,218,201,136,113,120,70,75,73,74,81,45,57,46,51,69,72,48,58,58,55,54,45,41,32,26,24,27,20,10,10,5,5,3,2,2
2824562100,인천광역시 계양구 작전1동,"27,014","27,014",87,101,109,133,146,142,175,195,172,197,222,229,222,216,242,260,246,240,296,307,303,344,384,390,345,396,388,404,430,381,401,413,342,309,327,288,280,297,308,339,361,400,393,411,365,362,358,416,462,515,501,529,541,548,556,570,511,533,568,538,561,572,531,516,458,426,364,340,273,231,256,154,155,155,160,150,124,104,88,116,124,112,89,88,73,62,56,47,40,41,25,22,12,13,10,8,4,4,3,3,0
2824562200,인천광역시 계양구 작전2동,"19,090","19,090",78,83,77,83,82,84,92,93,92,100,116,112,112,114,111,143,120,122,129,172,183,219,219,233,224,270,267,274,302,311,327,302,296,266,242,239,247,233,229,255,259,295,245,255,229,233,210,266,249,305,283,329,357,346,410,368,384,400,424,383,443,431,485,401,331,390,312,307,229,187,209,138,169,155,149,129,104,110,108,89,112,94,85,67,65,44,53,49,31,38,27,15,9,7,8,8,8,4,5,0,2
2824564000,인천광역시 계양구 작전서운동,"34,263","34,263",192,215,188,246,202,212,285,287,284,266,302,290,322,329,337,333,361,327,392,362,403,486,416,478,467,466,495,536,528,545,541,536,460,420,439,426,434,467,424,490,532,557,508,532,466,531,549,551,586,674,701,737,698,748,754,674,671,666,669,615,661,671,598,484,419,406,328,312,255,213,198,127,147,144,149,133,130,108,101,106,152,115,84,93,82,65,88,68,42,44,32,32,17,15,9,14,7,3,0,1,2
2824571000,인천광역시 계양구 계양1동,"20,173","20,173",69,94,92,105,109,122,123,123,165,161,140,164,156,121,149,179,156,148,166,181,194,224,233,255,262,252,266,297,307,333,321,279,267,254,246,203,209,240,215,270,252,283,299,299,265,258,280,271,301,321,341,376,388,407,415,372,413,457,397,439,429,419,463,402,337,324,240,298,235,190,211,141,142,132,145,159,117,88,107,97,128,96,92,71,69,74,58,46,41,28,23,20,22,15,9,9,4,1,3,2,2
2824572000,인천광역시 계양구 계양2동,"32,164","32,164",120,134,129,113,120,131,123,190,164,157,187,191,207,204,238,259,255,223,259,305,297,350,397,421,442,484,512,518,534,553,528,531,470,450,429,371,365,386,344,350,384,413,429,403,365,436,440,481,491,600,574,656,645,667,674,667,663,703,671,669,746,701,672,585,547,473,404,404,367,260,318,191,200,230,261,250,199,170,190,162,213,162,144,147,126,100,106,80,62,52,44,22,34,15,15,12,12,2,4,2,8
2824573000,인천광역시 계양구 계양3동,"24,876","24,876",120,147,156,185,220,202,243,287,294,263,357,323,327,281,352,289,261,238,275,245,215,218,255,261,232,263,272,283,308,303,287,302,251,283,270,261,329,333,358,465,476,556,528,523,469,496,449,476,516,468,481,445,461,428,401,401,349,385,367,367,370,416,426,327,320,291,290,263,244,177,215,133,147,155,124,140,110,96,75,88,102,86,56,53,58,44,43,33,29,24,18,22,10,8,4,7,4,5,3,3,1
2826000000,인천광역시 인천광역시 서구 ,"589,013","589,013","3,706","4,098","4,286","4,750","5,047","5,371","6,134","6,467","6,140","6,210","6,666","6,637","6,321","5,792","5,918","6,317","5,732","5,389","5,795","5,814","5,641","6,310","6,869","6,671","6,891","7,408","7,679","8,097","8,278","8,624","8,959","8,896","8,240","8,192","8,387","8,157","8,564","9,026","9,276","10,436","11,229","11,440","11,162","10,918","9,208","9,886","9,356","9,693","10,291","10,464","10,422","10,837","10,392","10,530","10,483","9,595","9,123","9,703","9,460","8,564","9,330","9,231","9,202","8,165","7,307","6,893","6,004","5,975","4,861","4,045","4,445","2,841","3,198","3,093","3,019","2,977","2,318","1,943","1,955","1,869","2,232","1,720","1,440","1,383","1,329","1,089","1,008",890,672,585,475,371,286,268,206,136,83,70,44,42,66
2826051500,인천광역시 서구 검암경서동,"45,339","45,339",276,282,301,312,361,373,435,457,463,483,513,456,452,439,388,462,430,387,443,463,416,461,512,512,533,591,726,752,734,848,824,836,760,727,709,696,738,717,773,897,931,923,911,933,751,841,750,784,873,820,817,816,804,822,770,772,632,673,666,586,620,590,654,551,500,469,371,367,323,290,305,185,223,198,196,201,167,143,140,153,150,104,107,79,89,59,51,44,32,31,21,39,18,15,15,7,5,5,4,0,5
2826053000,인천광역시 서구 연희동,"39,515","39,515",115,159,153,167,160,190,186,265,259,227,277,294,299,280,287,311,318,316,341,410,396,457,527,560,602,653,689,759,722,691,639,592,506,482,418,424,394,436,401,445,468,523,515,500,444,545,491,578,658,699,786,814,831,811,873,867,811,869,842,744,808,845,792,696,619,604,534,483,395,310,393,213,254,241,285,242,218,158,183,178,241,190,158,156,147,131,119,95,71,60,50,34,35,26,25,17,6,11,4,5,7
2826053600,인천광역시 서구 청라1동,"30,883","30,883",243,273,287,293,328,387,385,389,410,398,417,445,461,399,477,477,451,461,411,381,356,366,375,352,330,403,333,361,409,442,515,546,427,507,538,518,509,572,550,621,644,671,676,650,570,627,572,593,684,605,590,613,522,511,455,388,336,365,369,298,332,290,275,285,202,212,176,195,152,117,107,68,78,83,67,89,58,50,51,51,68,50,37,34,37,41,24,28,21,16,15,7,6,9,5,2,1,0,0,1,1
2826053700,인천광역시 서구 청라2동,"48,163","48,163",288,328,386,444,540,537,711,754,745,772,858,874,751,680,720,694,645,597,525,521,439,499,534,457,492,537,505,580,632,644,704,635,633,615,634,624,703,791,853,985,"1,058","1,083","1,213","1,153",952,981,943,930,935,914,850,887,763,745,731,637,631,630,711,529,539,583,514,491,460,374,321,338,282,224,208,143,153,155,140,135,107,95,75,72,94,76,69,48,50,48,35,37,39,27,28,15,9,12,10,3,4,4,0,1,3
2826053900,인천광역시 서구 청라3동,"34,406","34,406",311,351,386,450,458,538,580,610,508,521,571,517,519,472,463,442,392,344,381,347,329,340,377,321,327,370,366,384,406,466,503,516,481,511,577,592,643,662,751,770,872,890,833,790,704,687,613,643,645,584,609,590,516,528,467,421,401,390,372,360,377,366,392,320,275,230,206,187,132,137,122,70,89,86,82,72,43,42,49,47,59,25,21,37,22,22,23,17,14,17,13,6,12,8,4,3,6,1,1,1,2
2826054200,인천광역시 서구 가정1동,"36,195","36,195",305,349,391,425,446,533,532,550,477,442,463,382,312,297,256,300,261,225,266,302,245,328,382,384,390,400,423,458,450,466,536,534,522,536,613,637,671,730,771,831,809,847,780,700,544,563,490,519,574,547,529,518,550,579,545,508,523,589,535,504,554,527,548,483,446,424,393,367,293,249,258,167,174,184,175,166,124,103,125,95,124,90,78,83,69,48,42,47,31,34,26,25,13,17,11,10,5,7,0,1,5
2826054300,인천광역시 서구 가정2동,"6,248","6,248",26,33,26,36,31,30,30,37,25,41,32,25,30,24,30,27,27,31,47,53,57,73,105,84,93,103,98,108,119,107,102,115,116,92,103,69,58,69,63,72,93,83,64,59,57,59,62,58,79,93,132,132,141,147,134,174,137,133,148,135,178,176,158,152,126,112,100,90,71,53,51,40,45,25,29,37,19,24,19,18,24,17,12,10,19,10,14,11,7,5,6,4,4,5,2,3,2,1,1,0,1
2826054400,인천광역시 서구 가정3동,"9,289","9,289",22,31,30,38,36,44,45,38,56,46,44,59,60,58,52,61,53,75,63,94,95,106,131,144,132,158,146,187,174,164,171,173,130,121,108,100,102,116,86,92,99,104,109,107,110,113,111,116,123,150,138,175,151,224,255,194,178,252,222,222,214,218,240,193,191,154,138,134,106,77,89,50,66,61,56,59,46,28,41,36,43,32,34,27,18,32,16,17,18,19,13,10,5,8,0,2,0,0,1,0,3
2826055000,인천광역시 서구 석남1동,"21,776","21,776",78,82,70,94,95,89,119,108,112,119,143,174,143,123,129,165,134,134,170,151,176,196,240,219,274,294,320,373,386,339,345,336,324,266,288,256,243,261,281,286,306,307,283,308,250,303,272,278,345,358,358,357,397,425,465,402,443,482,488,424,502,546,510,433,410,363,350,358,271,236,265,161,209,171,184,199,135,104,103,102,118,85,70,75,72,56,65,46,40,33,26,30,15,16,14,8,1,3,2,3,0
2826056000,인천광역시 서구 석남2동,"12,560","12,560",47,36,35,55,54,49,57,66,62,68,89,76,92,68,88,69,84,85,85,100,100,139,145,142,167,153,171,169,152,167,195,169,164,107,121,122,151,129,141,149,158,167,157,171,148,179,143,172,196,216,180,234,219,242,256,246,250,291,268,249,298,316,284,271,228,267,218,235,185,151,182,129,127,129,118,129,106,81,81,65,72,61,57,50,48,40,29,29,24,19,13,6,17,11,7,5,3,2,2,2,3
2826056100,인천광역시 서구 석남3동,"13,477","13,477",35,36,37,38,40,43,45,54,72,76,82,92,104,90,94,98,100,127,114,135,149,143,162,175,187,224,194,215,249,226,235,221,168,162,148,128,141,128,134,148,158,185,180,177,164,173,170,191,217,224,242,252,253,257,284,309,238,278,283,289,307,287,321,259,254,212,221,200,175,136,156,99,109,107,118,105,81,79,73,74,76,75,46,50,43,39,45,45,21,23,17,15,7,13,5,3,2,1,0,2,3
2826057500,인천광역시 서구 신현원창동,"30,703","30,703",111,151,194,204,229,232,304,289,300,275,314,326,315,258,276,306,286,229,296,286,315,319,346,339,371,382,365,431,404,415,400,358,365,408,381,394,391,381,448,503,482,553,520,503,420,455,465,416,460,504,524,538,562,558,615,538,537,595,560,546,625,633,620,624,502,484,418,415,378,256,287,207,208,200,169,172,156,112,124,109,128,90,77,60,71,59,39,50,45,29,22,22,14,14,12,7,5,2,4,2,4
2826058000,인천광역시 서구 가좌1동,"12,778","12,778",64,70,50,69,55,57,57,59,72,74,72,81,86,66,74,95,80,73,94,103,112,138,146,183,186,189,221,223,212,224,244,232,202,186,167,154,155,150,141,159,172,187,158,161,151,171,173,184,186,220,235,256,247,259,238,243,237,274,236,227,274,280,258,242,208,195,188,184,159,111,157,83,98,102,90,95,76,55,80,80,88,64,48,58,46,31,27,24,24,12,13,10,3,4,7,3,1,4,0,2,4
2826059000,인천광역시 서구 가좌2동,"19,421","19,421",91,88,98,94,95,95,129,144,136,166,157,168,172,144,156,185,204,194,202,200,177,223,259,257,234,277,252,244,281,289,271,307,267,259,215,214,203,211,203,228,272,262,305,284,242,256,233,281,306,353,310,342,329,376,423,357,352,415,410,374,417,406,401,367,328,365,269,283,234,189,223,125,132,145,135,138,99,76,67,91,84,80,61,61,66,55,51,40,33,33,16,17,14,22,5,8,3,5,0,3,3
2826060000,인천광역시 서구 가좌3동,"16,390","16,390",40,50,69,56,46,51,67,78,85,73,93,89,78,104,107,145,121,115,134,140,148,158,191,199,217,245,250,262,254,273,250,233,206,156,173,172,169,176,177,187,203,196,198,192,218,205,176,213,223,272,270,303,295,330,317,315,328,363,345,322,377,391,395,335,358,312,296,261,224,206,211,131,156,148,151,160,134,90,100,92,112,80,82,74,70,59,53,49,31,31,18,16,20,5,14,6,8,5,5,1,2
2826061000,인천광역시 서구 가좌4동,"10,133","10,133",53,61,67,69,76,60,65,93,65,65,62,78,73,79,79,78,62,60,57,78,63,95,96,90,103,98,130,124,148,121,154,159,106,133,142,140,151,150,141,176,185,186,166,184,119,114,151,124,141,132,143,160,177,183,186,195,173,181,204,193,221,220,239,217,183,159,158,180,126,120,118,89,85,92,70,74,55,48,37,57,67,36,41,37,44,19,29,25,19,18,14,7,6,6,8,5,3,0,0,1,3
2826068000,인천광역시 서구 검단동,"33,414","33,414",182,217,203,212,231,225,283,296,270,277,297,337,331,303,342,366,345,314,323,350,327,393,394,416,443,437,517,481,514,550,527,529,457,437,452,394,423,456,470,498,586,613,551,556,507,543,526,598,560,675,610,709,627,659,659,582,560,622,573,514,575,527,585,478,401,438,341,348,259,239,248,160,201,206,186,204,126,117,116,111,146,120,73,92,79,75,74,57,43,29,29,16,10,15,15,9,3,7,1,3,3
2826069000,인천광역시 서구 불로대곡동,"23,499","23,499",116,105,115,167,146,168,181,200,222,228,277,261,267,276,241,312,240,266,273,281,285,315,316,269,294,292,304,287,276,304,284,282,273,247,233,222,262,251,276,337,361,383,397,432,375,453,437,460,448,470,514,550,499,458,496,433,387,389,407,373,312,316,326,283,288,233,240,230,187,153,217,150,150,159,158,154,131,129,97,106,117,110,75,95,81,69,62,48,39,29,28,13,12,7,5,4,5,0,2,3,3
2826070000,인천광역시 서구 원당동,"23,428","23,428",137,128,154,143,175,183,249,276,248,268,313,342,283,293,318,348,310,301,346,277,322,286,317,296,225,267,262,253,276,275,287,254,244,267,276,261,285,309,328,395,460,471,476,507,415,485,528,507,553,532,568,546,514,461,413,376,326,304,286,244,242,238,211,223,208,202,189,190,157,134,169,103,129,111,120,114,96,80,108,60,81,75,54,59,67,38,40,37,33,24,7,17,19,11,5,10,6,4,2,2,4
2826071000,인천광역시 서구 당하동,"27,053","27,053",176,171,179,221,198,245,253,316,266,309,338,325,326,294,302,332,303,283,315,298,283,329,344,355,365,378,381,383,393,378,397,405,394,387,382,347,376,408,378,493,547,551,570,553,449,501,450,485,509,530,534,557,512,493,513,425,435,441,376,388,395,334,384,267,266,240,206,204,174,156,164,104,110,117,124,101,86,81,61,69,97,63,59,51,62,43,34,36,23,27,30,16,8,13,9,4,2,3,2,2,1
2826072000,인천광역시 서구 오류왕길동,"25,124","25,124",139,123,154,171,210,202,226,268,260,250,295,279,266,259,276,284,252,252,251,250,237,279,295,285,325,329,317,308,307,341,328,303,324,287,274,296,317,306,327,380,460,464,440,438,395,437,413,409,464,480,468,448,495,473,478,437,420,412,449,376,442,452,454,378,319,359,267,262,225,183,200,137,158,148,145,130,104,113,93,97,109,88,79,69,58,55,66,51,27,33,32,22,21,18,16,9,6,1,1,5,4
2826073000,인천광역시 서구 마전동,"22,218","22,218",105,118,126,133,152,153,188,235,214,265,253,273,288,277,320,318,294,287,357,289,284,341,319,306,286,297,329,323,277,271,288,269,241,230,223,224,220,258,277,314,350,367,366,385,338,383,465,462,459,491,440,465,438,441,448,400,381,361,329,323,312,287,278,260,237,221,177,182,169,150,157,121,139,118,110,119,82,86,77,69,85,67,71,45,45,34,46,33,23,21,19,17,9,10,7,4,3,2,9,1,2
2826074000,인천광역시 서구 아라동,"47,001","47,001",746,856,775,859,885,887,"1,007",885,813,767,706,684,613,509,443,442,340,233,301,305,330,326,356,326,315,331,380,432,503,623,760,892,930,"1,069","1,212","1,173","1,259","1,359","1,306","1,470","1,555","1,424","1,294","1,175",885,812,722,692,653,595,575,575,550,548,462,376,407,394,381,344,409,403,363,357,298,264,227,282,184,168,158,106,105,107,111,82,69,49,55,37,49,42,31,33,26,26,24,24,14,15,19,7,9,3,5,4,3,2,3,1,0
2871000000,인천광역시 인천광역시 강화군 ,"69,803","69,803",255,270,297,270,258,266,298,338,381,373,436,431,441,469,459,477,452,445,448,447,467,488,532,495,481,505,462,475,532,489,487,522,496,481,471,497,432,517,547,644,660,726,708,693,661,753,743,748,822,972,921,"1,050",994,"1,086","1,126","1,156","1,121","1,320","1,309","1,287","1,634","1,700","1,831","1,781","1,707","1,647","1,493","1,598","1,352","1,271","1,325",870,"1,024","1,105","1,104","1,177","1,001",790,844,912,960,879,719,709,647,533,569,482,426,318,281,198,143,105,91,53,44,29,21,17,26
2871025000,인천광역시 강화군 강화읍,"22,669","22,669",103,130,128,125,104,127,149,154,181,163,190,185,214,221,210,226,231,212,222,220,220,211,232,207,208,209,198,201,242,188,205,204,206,210,175,181,163,210,216,272,265,301,302,299,259,334,283,321,338,394,380,408,389,380,368,365,339,402,361,351,427,449,438,406,443,412,362,412,343,317,336,205,238,277,286,309,233,194,217,225,243,226,165,166,140,142,125,101,90,59,54,34,29,27,18,8,5,5,5,1,5
2871031000,인천광역시 강화군 선원면,"7,926","7,926",28,30,29,37,36,38,47,58,46,62,71,69,69,67,68,65,68,73,64,72,61,66,102,73,67,65,64,49,64,67,57,74,54,67,54,65,54,75,64,77,91,87,104,100,91,110,118,112,117,119,132,109,112,127,124,135,128,137,134,134,195,209,183,199,163,172,153,140,148,104,107,98,98,103,77,102,81,80,87,77,76,62,63,66,52,41,58,46,31,27,24,16,13,9,12,6,4,3,0,2,2
2871032000,인천광역시 강화군 불은면,"5,064","5,064",13,9,18,18,15,13,12,15,13,20,32,18,18,26,27,27,17,15,22,18,24,24,38,22,23,24,25,30,41,30,33,32,32,25,32,30,31,28,28,34,43,48,46,37,54,31,41,36,48,56,52,60,82,71,66,87,80,100,87,94,138,150,173,155,142,149,140,149,115,122,119,80,86,87,108,95,81,59,62,57,70,69,67,53,56,36,32,55,45,27,27,19,18,17,5,7,10,4,5,3,1
2871033000,인천광역시 강화군 길상면,"7,332","7,332",26,28,26,28,29,23,25,35,33,33,39,45,52,44,40,47,34,44,41,37,44,49,36,51,43,55,44,49,51,59,49,52,39,54,65,52,63,45,76,72,77,86,79,71,65,69,68,81,92,93,82,101,100,112,108,144,124,177,168,168,196,190,225,228,220,202,163,166,165,154,143,88,83,105,116,102,94,87,77,87,86,79,52,56,52,42,49,33,45,34,18,17,20,11,9,3,4,4,2,1,2
2871034000,인천광역시 강화군 화도면,"4,560","4,560",15,16,12,11,14,8,7,12,20,18,23,21,26,18,19,22,17,14,13,17,28,27,18,34,23,25,20,20,25,21,28,28,40,27,35,30,27,33,24,35,37,48,32,40,50,40,33,39,38,48,46,66,54,66,78,77,77,87,85,85,121,105,153,138,128,118,105,145,109,105,132,60,88,75,79,92,93,62,67,77,69,55,43,57,53,35,35,28,30,28,21,11,12,5,6,3,6,5,3,1,5
2871035000,인천광역시 강화군 양도면,"4,294","4,294",12,14,16,5,13,12,14,18,21,26,17,30,19,25,16,18,21,15,23,21,22,26,25,16,23,22,22,23,18,21,19,21,29,19,17,30,23,26,20,28,34,34,27,35,36,44,47,30,31,59,51,67,49,64,80,69,85,82,88,76,105,117,130,128,114,122,120,100,93,75,105,66,81,62,89,89,83,48,51,52,65,74,40,55,56,35,55,45,25,28,29,20,11,7,10,6,4,1,0,1,3
2871036000,인천광역시 강화군 내가면,"3,058","3,058",15,9,13,13,8,6,8,4,9,9,8,6,9,10,10,12,9,7,9,11,17,12,17,11,15,20,11,20,11,22,11,26,22,12,23,18,6,20,21,17,19,22,11,21,21,20,25,18,29,35,37,45,40,50,53,44,41,52,56,73,72,83,99,98,90,91,92,78,66,64,78,43,53,67,67,72,58,49,53,50,60,54,38,41,41,30,26,24,26,9,22,18,4,3,2,3,0,2,0,1,2
2871037000,인천광역시 강화군 하점면,"4,074","4,074",13,11,16,5,14,12,9,12,15,10,19,15,8,15,14,14,12,14,15,14,17,23,15,26,22,24,24,25,24,23,21,32,24,17,21,30,17,27,26,29,32,29,26,29,21,32,33,33,37,46,40,61,43,50,53,56,65,66,86,96,93,103,113,131,117,101,91,103,81,98,68,73,79,79,78,85,90,59,55,78,78,86,80,71,53,38,50,42,39,30,27,15,10,2,7,5,3,1,0,3,1
2871038000,인천광역시 강화군 양사면,"1,899","1,899",5,8,9,4,4,4,6,5,9,6,6,12,4,7,12,6,5,8,5,9,5,8,7,8,10,8,4,11,11,10,13,5,8,11,7,4,13,8,6,10,11,11,10,14,13,19,17,7,16,18,23,24,27,30,37,33,33,39,35,50,47,51,55,50,52,44,35,54,41,45,42,28,32,43,39,33,29,26,34,39,46,40,23,30,30,23,32,27,18,5,9,7,4,6,4,2,2,2,0,1,1
2871039000,인천광역시 강화군 송해면,"3,287","3,287",10,5,18,15,10,13,11,14,19,10,14,11,11,14,20,13,16,17,14,7,11,14,22,18,20,18,22,22,22,23,21,19,20,12,22,28,19,22,26,30,22,27,22,16,19,24,30,30,42,36,30,54,42,48,59,54,61,48,65,59,85,77,82,83,74,93,81,78,63,74,69,44,71,70,52,68,61,49,51,48,56,36,53,43,50,40,30,39,28,21,17,12,10,7,4,3,2,0,0,1,1
2871040000,인천광역시 강화군 교동면,"2,818","2,818",8,6,6,5,4,4,4,3,10,6,7,9,6,12,10,13,11,15,10,12,8,14,11,17,7,16,12,14,18,13,19,13,13,14,13,10,10,8,19,21,16,14,26,17,15,16,21,22,18,29,17,26,25,43,45,50,44,75,86,45,76,74,84,66,82,71,75,79,60,42,63,42,59,79,60,73,53,39,48,61,65,54,50,45,39,38,32,20,24,22,17,14,3,7,8,3,3,1,3,1,2
2871041000,인천광역시 강화군 삼산면,"2,177","2,177",7,3,4,4,7,4,5,7,4,8,6,7,5,8,12,11,8,9,9,8,8,11,8,11,17,16,13,8,4,8,8,13,6,12,5,13,6,11,18,15,13,17,19,12,13,11,24,13,12,33,29,25,25,37,43,32,33,40,42,42,60,69,73,80,65,58,53,71,50,52,49,25,44,47,37,45,31,27,35,47,35,34,35,19,18,24,32,11,19,22,15,9,6,4,6,3,1,1,1,1,1
2871042000,인천광역시 강화군 서도면,374,374,0,0,1,0,0,1,1,1,0,0,3,2,0,2,1,3,3,2,1,1,1,1,0,0,1,2,2,1,0,3,2,3,3,0,0,5,0,4,2,4,0,2,2,1,4,2,3,4,2,4,1,1,4,4,7,5,8,8,8,11,9,12,10,7,7,6,12,17,12,12,10,12,6,6,10,4,7,9,1,6,6,6,3,4,5,5,8,7,5,5,1,4,2,0,0,0,0,0,1,0,0
2871042500,인천광역시 강화군 서도면볼음출장소,271,271,0,1,1,0,0,1,0,0,1,2,1,1,0,0,0,0,0,0,0,0,1,2,1,1,2,1,1,2,1,1,1,0,0,1,2,1,0,0,1,0,0,0,2,1,0,1,0,2,2,2,1,3,2,4,5,5,3,7,8,3,10,11,13,12,10,8,11,6,6,7,4,6,6,5,6,8,7,2,6,8,5,4,7,3,2,4,5,4,1,1,0,2,1,0,0,1,0,0,1,0,0
2872000000,인천광역시 인천광역시 옹진군 ,"20,613","20,613",65,62,82,77,89,74,90,97,81,95,111,103,104,91,92,115,103,91,115,166,207,208,295,305,328,271,269,230,242,239,228,231,178,183,161,168,167,157,171,203,196,210,215,231,197,241,220,271,240,244,275,295,273,312,328,351,346,404,389,404,508,544,507,498,470,479,443,470,380,322,371,205,262,285,237,293,254,195,174,174,221,157,141,132,121,123,125,93,82,69,56,66,35,28,20,28,19,10,6,8,16
2872031000,인천광역시 옹진군 북도면,"1,145","1,145",0,1,3,1,4,2,4,4,1,1,7,3,2,2,8,5,6,5,6,8,6,7,7,9,8,9,4,8,5,10,11,6,6,6,7,6,6,4,6,10,8,10,14,9,9,12,6,13,8,15,11,14,10,15,22,20,23,21,23,20,41,37,40,29,44,28,44,38,35,21,37,11,19,22,21,30,15,13,13,12,6,6,9,6,11,11,7,6,6,4,8,4,5,0,1,1,2,0,0,0,5
2872031500,인천광역시 옹진군 북도면장봉출장소,986,986,2,1,3,3,1,4,2,3,4,2,3,2,2,1,0,1,2,3,4,6,8,4,2,6,5,3,8,3,7,7,9,11,2,8,2,3,4,4,5,7,6,10,11,12,5,6,11,14,18,12,16,14,18,19,19,25,11,21,23,26,27,24,29,37,27,31,25,34,21,17,29,16,15,18,18,15,19,11,12,13,19,8,7,6,3,7,12,4,3,3,3,3,1,4,1,3,1,2,1,0,3
2872033000,인천광역시 옹진군 백령면,"4,986","4,986",24,20,29,25,41,25,20,39,27,25,40,30,21,23,24,35,18,22,27,52,72,83,122,130,132,88,117,91,92,64,75,71,44,59,67,63,60,41,46,53,51,53,61,64,45,73,60,73,55,63,59,52,63,43,63,68,67,81,73,61,99,92,90,108,85,85,88,79,66,74,65,31,44,58,41,51,39,27,34,29,41,32,25,30,19,29,24,18,27,20,14,10,7,10,7,7,8,4,1,0,3
2872034000,인천광역시 옹진군 대청면,"1,224","1,224",1,6,4,3,4,5,5,1,0,5,7,7,7,6,8,4,4,4,5,11,16,13,20,24,27,17,16,10,15,23,15,15,15,9,4,6,9,14,16,11,11,15,13,8,11,18,16,15,11,10,14,14,16,21,16,17,22,21,26,29,26,37,30,27,25,18,20,27,24,15,27,10,15,20,9,20,10,19,12,18,16,18,11,7,6,7,7,6,4,4,2,3,4,0,1,1,0,0,1,1,0
2872034500,인천광역시 옹진군 대청면소청출장소,216,216,1,1,0,1,0,1,0,0,0,0,0,0,0,0,0,0,0,0,0,1,4,3,3,8,4,5,3,5,1,1,3,3,0,0,1,3,0,4,0,2,1,3,0,0,0,1,1,2,1,0,3,2,2,2,3,1,4,3,4,5,2,3,5,6,7,7,7,4,4,4,4,4,8,7,3,10,7,3,3,2,6,4,4,2,0,0,1,0,1,0,0,1,1,0,0,0,0,0,0,0,0
2872035000,인천광역시 옹진군 덕적면,"1,924","1,924",2,2,1,2,3,5,3,5,4,9,6,7,10,7,7,9,14,12,12,14,13,13,17,14,17,15,15,6,8,10,10,4,4,5,6,4,5,10,12,12,12,10,7,13,10,17,18,24,21,21,24,26,27,31,34,28,34,51,41,48,55,50,52,53,52,57,55,51,48,35,54,27,38,32,36,41,44,31,28,23,28,23,13,16,29,24,20,13,12,8,10,12,4,2,2,5,3,1,3,3,0
2872036000,인천광역시 옹진군 영흥면,"6,653","6,653",23,23,24,24,23,21,41,34,36,38,38,40,54,39,37,41,44,38,40,37,47,44,53,50,56,65,46,58,67,60,60,80,66,62,50,57,60,52,59,75,82,77,76,82,81,74,78,87,82,90,101,120,86,126,120,130,133,143,144,144,166,224,152,168,164,165,137,152,132,104,115,74,84,88,72,86,77,59,53,45,69,50,54,34,26,28,29,29,17,19,11,19,7,5,4,5,4,2,0,4,2
2872037000,인천광역시 옹진군 자월면,963,963,1,1,4,4,2,0,1,0,0,4,2,1,1,3,2,4,2,0,4,1,7,3,11,5,14,6,7,8,5,7,8,6,4,5,1,6,4,5,3,3,3,4,9,10,10,7,9,7,13,12,11,17,16,19,16,21,15,20,19,36,33,25,32,24,25,31,24,31,14,21,27,17,18,18,17,16,18,16,8,11,15,7,11,13,9,9,8,8,6,4,4,5,2,1,1,3,1,0,0,0,1
2872037500,인천광역시 옹진군 자월면이작출장소,378,378,0,0,0,0,1,1,1,0,1,3,5,6,0,3,1,1,2,1,1,0,1,2,0,2,2,0,4,2,2,4,3,1,2,1,2,1,3,4,1,1,4,4,3,4,5,5,1,5,1,1,8,5,4,7,4,2,11,8,7,11,11,13,18,8,9,12,11,12,10,6,5,4,9,7,6,9,8,1,1,6,8,3,4,2,3,4,7,2,1,2,0,3,2,2,1,2,0,0,0,0,1
2872038000,인천광역시 옹진군 연평면,"2,138","2,138",11,7,14,14,10,10,13,11,8,8,3,7,7,7,5,15,11,6,16,36,33,36,60,57,63,63,49,39,40,53,34,34,35,28,21,19,16,19,23,29,18,24,21,29,21,28,20,31,30,20,28,31,31,29,31,39,26,35,29,24,48,39,59,38,32,45,32,42,26,25,8,11,12,15,14,15,17,15,10,15,13,6,3,16,15,4,10,7,5,5,4,6,2,4,2,1,0,1,0,0,1
